1|18|14417807||11|Guy|Gilbert|R|Production Technician - WC60|adventure-works\guy1|guy1@adventure-works.com|320-555-0195|Guy Gilbert|320-555-0195|Production|Current
2|7|253022876||11|Kevin|Brown|F|Marketing Assistant|adventure-works\kevin0|kevin0@adventure-works.com|150-555-0189|Kevin Brown|150-555-0189|Marketing|Current
3|14|509647174||11|Roberto|Tamburello||Engineering Manager|adventure-works\roberto0|roberto0@adventure-works.com|212-555-0187|Roberto Tamburello|212-555-0187|Engineering|Current
4|3|112457891||11|Rob|Walters||Senior Tool Designer|adventure-works\rob0|rob0@adventure-works.com|612-555-0100|Rob Walters|612-555-0100|Tool Design|
5|3|112457891||11|Rob|Walters||Senior Tool Designer|adventure-works\rob0|rob0@adventure-works.com|612-555-0100|Rob Walters|612-555-0100|Tool Design|Current
6|267|480168528||11|Thierry|D'Hers|B|Tool Designer|adventure-works\thierry0|thierry0@adventure-works.com|168-555-0183|Thierry D'Hers|168-555-0183|Tool Design|Current
7|112|24756624||11|David|Bradley|M|Marketing Manager|adventure-works\david0|david0@adventure-works.com|913-555-0172|David Bradley|913-555-0172|Marketing|
8|112|24756624||11|David|Bradley|M|Marketing Manager|adventure-works\david0|david0@adventure-works.com|913-555-0172|David Bradley|913-555-0172|Marketing|Current
9|23|309738752||11|JoLynn|Dobney|M|Production Supervisor - WC60|adventure-works\jolynn0|jolynn0@adventure-works.com|903-555-0145|JoLynn Dobney|903-555-0145|Production|Current
10|189|690627818||11|Ruth|Ellerbrock|Ann|Production Technician - WC10|adventure-works\ruth0|ruth0@adventure-works.com|145-555-0130|Ruth Ellerbrock|145-555-0130|Production|Current
11|3|695256908||11|Gail|Erickson|A|Design Engineer|adventure-works\gail0|gail0@adventure-works.com|849-555-0139|Gail Erickson|849-555-0139|Engineering|Current
12|189|912265825||11|Barry|Johnson|K|Production Technician - WC10|adventure-works\barry0|barry0@adventure-works.com|206-555-0180|Barry Johnson|206-555-0180|Production|Current
13|3|998320692||11|Jossef|Goldberg|H|Design Engineer|adventure-works\jossef0|jossef0@adventure-works.com|122-555-0189|Jossef Goldberg|122-555-0189|Engineering|Current
14|112|245797967||11|Terri|Duffy|Lee|Vice President of Engineering|adventure-works\terri0|terri0@adventure-works.com|819-555-0175|Terri Duffy|819-555-0175|Engineering|Current
15|189|844973625||11|Sidney|Higa|M|Production Technician - WC10|adventure-works\sidney0|sidney0@adventure-works.com|424-555-0189|Sidney Higa|424-555-0189|Production|Current
16|23|233069302||11|Taylor|Maxwell|R|Production Supervisor - WC50|adventure-works\taylor0|taylor0@adventure-works.com|508-555-0165|Taylor Maxwell|508-555-0165|Production|Current
17|189|132674823||11|Jeffrey|Ford|L|Production Technician - WC10|adventure-works\jeffrey0|jeffrey0@adventure-works.com|984-555-0185|Jeffrey Ford|984-555-0185|Production|Current
18|23|446466105||11|Jo|Brown|A|Production Supervisor - WC60|adventure-works\jo0|jo0@adventure-works.com|632-555-0129|Jo Brown|632-555-0129|Production|Current
19|189|565090917||11|Doris|Hartwig|M|Production Technician - WC10|adventure-works\doris0|doris0@adventure-works.com|328-555-0150|Doris Hartwig|328-555-0150|Production|Current
20|23|494170342||11|John|Campbell|T|Production Supervisor - WC60|adventure-works\john0|john0@adventure-works.com|435-555-0113|John Campbell|435-555-0113|Production|Current
21|189|9659517||11|Diane|Glimp|R|Production Technician - WC10|adventure-works\diane0|diane0@adventure-works.com|202-555-0151|Diane Glimp|202-555-0151|Production|Current
22|177|443968955||11|Steven|Selikoff|T|Production Technician - WC30|adventure-works\steven0|steven0@adventure-works.com|925-555-0114|Steven Selikoff|925-555-0114|Production|Current
23|112|277173473||11|Peter|Krebs|J|Production Control Manager|adventure-works\peter0|peter0@adventure-works.com|913-555-0196|Peter Krebs|913-555-0196|Production Control|Current
24|201|835460180||11|Stuart|Munson|V|Production Technician - WC45|adventure-works\stuart0|stuart0@adventure-works.com|413-555-0136|Stuart Munson|413-555-0136|Production|Current
25|201|687685941||11|Greg|Alderson|F|Production Technician - WC45|adventure-works\greg0|greg0@adventure-works.com|332-555-0150|Greg Alderson|332-555-0150|Production|Current
26|188|498138869||11|David|Johnson|N|Production Technician - WC30|adventure-works\david1|david1@adventure-works.com|166-555-0162|David Johnson|166-555-0162|Production|Current
27|23|360868122||11|Zheng|Mu|W|Production Supervisor - WC10|adventure-works\zheng0|zheng0@adventure-works.com|113-555-0173|Zheng Mu|113-555-0173|Production|Current
28|111|964089218||11|Ivo|Salmre|William|Production Technician - WC20|adventure-works\ivo0|ivo0@adventure-works.com|115-555-0179|Ivo Salmre|115-555-0179|Production|Current
29|89|384162788||11|Paul|Komosinski|B|Production Technician - WC40|adventure-works\paul0|paul0@adventure-works.com|147-555-0160|Paul Komosinski|147-555-0160|Production|Current
30|154|749389530||11|Ashvini|Sharma|R|Network Administrator|adventure-works\ashvini0|ashvini0@adventure-works.com|656-555-0119|Ashvini Sharma|656-555-0119|Information Services|Current
31|16|571658797||11|Kendall|Keil|C|Production Technician - WC50|adventure-works\kendall0|kendall0@adventure-works.com|138-555-0128|Kendall Keil|138-555-0128|Production|Current
32|143|535145551||11|Paula|Barreto de Mattos|M|Human Resources Manager|adventure-works\paula0|paula0@adventure-works.com|523-555-0175|Paula Barreto de Mattos|523-555-0175|Human Resources|Current
33|214|761597760||11|Alejandro|McGuel|E|Production Technician - WC40|adventure-works\alejandro0|alejandro0@adventure-works.com|668-555-0130|Alejandro McGuel|668-555-0130|Production|Current
34|188|271438431||11|Garrett|Young|R|Production Technician - WC30|adventure-works\garrett0|garrett0@adventure-works.com|609-555-0179|Garrett Young|609-555-0179|Production|Current
35|138|160739235||11|Jian Shuo|Wang||Production Technician - WC30|adventure-works\jianshuo0|jianshuo0@adventure-works.com|952-555-0178|Jian Shuo Wang|952-555-0178|Production|Current
36|87|586486572||11|Susan|Eaton|W|Stocker|adventure-works\susan0|susan0@adventure-works.com|943-555-0196|Susan Eaton|943-555-0196|Shipping and Receiving|Current
37|87|337752649||11|Vamsi|Kuppa|N|Shipping and Receiving Clerk|adventure-works\vamsi0|vamsi0@adventure-works.com|937-555-0137|Vamsi Kuppa|937-555-0137|Shipping and Receiving|Current
38|40|113695504||11|Alice|Ciccu|O|Production Technician - WC50|adventure-works\alice0|alice0@adventure-works.com|333-555-0173|Alice Ciccu|333-555-0173|Production|Current
39|9|276751903||11|Simon|Rapier|D|Production Technician - WC60|adventure-works\simon0|simon0@adventure-works.com|963-555-0134|Simon Rapier|963-555-0134|Production|Current
40|23|630184120||11|Jinghao|Liu|K|Production Supervisor - WC50|adventure-works\jinghao0|jinghao0@adventure-works.com|794-555-0159|Jinghao Liu|794-555-0159|Production|Current
41|186|545337468||11|Michael|Hines|T|Production Technician - WC20|adventure-works\michael0|michael0@adventure-works.com|218-555-0126|Michael Hines|218-555-0126|Production|Current
42|163|713403643||11|Yvonne|McKay|S|Production Technician - WC45|adventure-works\yvonne0|yvonne0@adventure-works.com|286-555-0189|Yvonne McKay|286-555-0189|Production|Current
43|204|885055826||11|Peng|Wu|J|Quality Assurance Supervisor|adventure-works\peng0|peng0@adventure-works.com|164-555-0164|Peng Wu|164-555-0164|Quality Assurance|Current
44|112|441044382||11|Jean|Trenary|E|Information Services Manager|adventure-works\jean0|jean0@adventure-works.com|685-555-0120|Jean Trenary|685-555-0120|Information Services|Current
45|76|718299860||11|Russell|Hunter||Production Technician - WC50|adventure-works\russell0|russell0@adventure-works.com|786-555-0144|Russell Hunter|786-555-0144|Production|Current
46|23|685233686||11|A. Scott|Wright||Master Scheduler|adventure-works\ascott0|ascott0@adventure-works.com|992-555-0194|A. Scott Wright|992-555-0194|Production Control|Current
47|214|295971920||11|Fred|Northup|T|Production Technician - WC40|adventure-works\fred0|fred0@adventure-works.com|818-555-0192|Fred Northup|818-555-0192|Production|Current
48|7|95958330||11|Sariya|Harnpadoungsataya|E|Marketing Specialist|adventure-works\sariya0|sariya0@adventure-works.com|399-555-0176|Sariya Harnpadoungsataya|399-555-0176|Marketing|Current
49|32|332040978||11|Willis|Johnson|T|Recruiter|adventure-works\willis0|willis0@adventure-works.com|778-555-0141|Willis Johnson|778-555-0141|Human Resources|Current
50|40|857651804||11|Jun|Cao|T|Production Technician - WC50|adventure-works\jun0|jun0@adventure-works.com|299-555-0113|Jun Cao|299-555-0113|Production|Current
51|222|553069203||11|Christian|Kleinerman|E|Maintenance Supervisor|adventure-works\christian0|christian0@adventure-works.com|846-555-0157|Christian Kleinerman|846-555-0157|Facilities and Maintenance|Current
52|188|351069889||11|Susan|Metters|A|Production Technician - WC30|adventure-works\susan1|susan1@adventure-works.com|639-555-0164|Susan Metters|639-555-0164|Production|Current
53|23|370989364||11|Reuben|D'sa|H|Production Supervisor - WC40|adventure-works\reuben0|reuben0@adventure-works.com|191-555-0112|Reuben D'sa|191-555-0112|Production|Current
54|126|275962311||11|Kirk|Koenigsbauer|J|Production Technician - WC45|adventure-works\kirk0|kirk0@adventure-works.com|669-555-0150|Kirk Koenigsbauer|669-555-0150|Production|Current
55|20|36151748||11|David|Ortiz|J|Production Technician - WC60|adventure-works\david2|david2@adventure-works.com|712-555-0119|David Ortiz|712-555-0119|Production|Current
56|92|540688287||11|Tengiz|Kharatishvili|N|Control Specialist|adventure-works\tengiz0|tengiz0@adventure-works.com|910-555-0116|Tengiz Kharatishvili|910-555-0116|Document Control|Current
57|147|568596888||11|Hanying|Feng|P|Production Technician - WC20|adventure-works\hanying0|hanying0@adventure-works.com|319-555-0139|Hanying Feng|319-555-0139|Production|Current
58|214|918737118||11|Kevin|Liu|H|Production Technician - WC40|adventure-works\kevin1|kevin1@adventure-works.com|714-555-0138|Kevin Liu|714-555-0138|Production|Current
59|18|801758002||11|Annik|Stahl|O|Production Technician - WC60|adventure-works\annik0|annik0@adventure-works.com|499-555-0125|Annik Stahl|499-555-0125|Production|Current
60|40|415823523||11|Suroor|Fatima|R|Production Technician - WC50|adventure-works\suroor0|suroor0@adventure-works.com|932-555-0161|Suroor Fatima|932-555-0161|Production|Current
61|142|363923697||11|Deborah|Poe|E|Accounts Receivable Specialist|adventure-works\deborah0|deborah0@adventure-works.com|602-555-0194|Deborah Poe|602-555-0194|Finance|Current
62|76|674171828||11|Jim|Scardelis|H|Production Technician - WC50|adventure-works\jim0|jim0@adventure-works.com|679-555-0113|Jim Scardelis|679-555-0113|Production|Current
63|177|138280935||11|Carole|Poland|M|Production Technician - WC30|adventure-works\carole0|carole0@adventure-works.com|688-555-0192|Carole Poland|688-555-0192|Production|Current
64|188|476115505||11|George|Li|Z|Production Technician - WC30|adventure-works\george0|george0@adventure-works.com|518-555-0199|George Li|518-555-0199|Production|Current
65|89|502058701||11|Gary|Yukish|W|Production Technician - WC40|adventure-works\gary0|gary0@adventure-works.com|901-555-0125|Gary Yukish|901-555-0125|Production|Current
66|23|7201901||11|Cristian|Petculescu|K|Production Supervisor - WC10|adventure-works\cristian0|cristian0@adventure-works.com|434-555-0133|Cristian Petculescu|434-555-0133|Production|Current
67|147|97728960||11|Raymond|Sam|K|Production Technician - WC20|adventure-works\raymond0|raymond0@adventure-works.com|226-555-0197|Raymond Sam|226-555-0197|Production|Current
68|44|525932996||11|Janaina|Bueno|Barreiro Gambaro|Application Specialist|adventure-works\janaina0|janaina0@adventure-works.com|623-555-0155|Janaina Bueno|623-555-0155|Information Services|Current
69|16|843479922||11|Bob|Hohman|N|Production Technician - WC50|adventure-works\bob0|bob0@adventure-works.com|611-555-0116|Bob Hohman|611-555-0116|Production|Current
70|214|370487086||11|Shammi|Mohamed|G|Production Technician - WC40|adventure-works\shammi0|shammi0@adventure-works.com|793-555-0179|Shammi Mohamed|793-555-0179|Production|Current
71|40|54759846||11|Linda|Moschell|K|Production Technician - WC50|adventure-works\linda0|linda0@adventure-works.com|612-555-0171|Linda Moschell|612-555-0171|Production|Current
72|32|619308550||11|Mindy|Martin|C|Benefits Specialist|adventure-works\mindy0|mindy0@adventure-works.com|522-555-0147|Mindy Martin|522-555-0147|Human Resources|Current
73|143|121491555||11|Wendy|Kahn|Beth|Finance Manager|adventure-works\wendy0|wendy0@adventure-works.com|248-555-0134|Wendy Kahn|248-555-0134|Finance|Current
74|87|420776180||11|Kim|Ralls|T|Stocker|adventure-works\kim0|kim0@adventure-works.com|309-555-0129|Kim Ralls|309-555-0129|Shipping and Receiving|Current
75|138|604664374||11|Sandra|Reátegui Alayo||Production Technician - WC30|adventure-works\sandra0|sandra0@adventure-works.com|896-555-0168|Sandra Reátegui Alayo|896-555-0168|Production|Current
76|23|778552911||11|Kok-Ho|Loh|T|Production Supervisor - WC50|adventure-works\kok-ho0|kok-ho0@adventure-works.com|999-555-0155|Kok-Ho Loh|999-555-0155|Production|Current
77|163|435234965||11|Douglas|Hite|B|Production Technician - WC45|adventure-works\douglas0|douglas0@adventure-works.com|808-555-0172|Douglas Hite|808-555-0172|Production|Current
78|9|339712426||11|James|Kramer|D|Production Technician - WC60|adventure-works\james0|james0@adventure-works.com|119-555-0117|James Kramer|119-555-0117|Production|Current
79|43|403414852||11|Sean|Alexander|P|Quality Assurance Technician|adventure-works\sean0|sean0@adventure-works.com|420-555-0173|Sean Alexander|420-555-0173|Quality Assurance|Current
80|186|368920189||11|Nitin|Mirchandani|S|Production Technician - WC20|adventure-works\nitin0|nitin0@adventure-works.com|143-555-0173|Nitin Mirchandani|143-555-0173|Production|Current
81|162|811994146||11|Diane|Margheim|L|Research and Development Engineer|adventure-works\diane1|diane1@adventure-works.com|815-555-0138|Diane Margheim|815-555-0138|Research and Development|Current
82|18|330211482||11|Rebecca|Laszlo|A|Production Technician - WC60|adventure-works\rebecca0|rebecca0@adventure-works.com|314-555-0113|Rebecca Laszlo|314-555-0113|Production|Current
83|214|632092621||11|Rajesh|Patel|M|Production Technician - WC40|adventure-works\rajesh0|rajesh0@adventure-works.com|373-555-0137|Rajesh Patel|373-555-0137|Production|Current
84|32|264306399||11|Vidur|Luthra|X|Recruiter|adventure-works\vidur0|vidur0@adventure-works.com|153-555-0186|Vidur Luthra|153-555-0186|Human Resources|Current
85|40|981597097||11|John|Evans|P|Production Technician - WC50|adventure-works\john1|john1@adventure-works.com|172-555-0130|John Evans|172-555-0130|Production|Current
86|9|693325305||11|Nancy|Anderson|A|Production Technician - WC60|adventure-works\nancy0|nancy0@adventure-works.com|970-555-0118|Nancy Anderson|970-555-0118|Production|Current
87|23|521265716||11|Pilar|Ackerman|G|Shipping and Receiving Supervisor|adventure-works\pilar0|pilar0@adventure-works.com|577-555-0185|Pilar Ackerman|577-555-0185|Shipping and Receiving|Current
88|188|746373306||11|David|Yalovsky|A|Production Technician - WC30|adventure-works\david3|david3@adventure-works.com|373-555-0142|David Yalovsky|373-555-0142|Production|Current
89|23|750905084||11|David|Hamilton|P|Production Supervisor - WC40|adventure-works\david4|david4@adventure-works.com|986-555-0177|David Hamilton|986-555-0177|Production|Current
90|126|514829225||11|Laura|Steele|C|Production Technician - WC45|adventure-works\laura0|laura0@adventure-works.com|777-555-0141|Laura Steele|777-555-0141|Production|Current
91|18|750246141||11|Margie|Shoop|W|Production Technician - WC60|adventure-works\margie0|margie0@adventure-works.com|818-555-0128|Margie Shoop|818-555-0128|Production|Current
92|204|345106466||11|Zainal|Arifin|T|Document Control Manager|adventure-works\zainal0|zainal0@adventure-works.com|204-555-0115|Zainal Arifin|204-555-0115|Document Control|Current
93|214|19312190||11|Lorraine|Nay|O|Production Technician - WC40|adventure-works\lorraine0|lorraine0@adventure-works.com|845-555-0184|Lorraine Nay|845-555-0184|Production|Current
94|147|212801092||11|Fadi|Fakhouri|K|Production Technician - WC20|adventure-works\fadi0|fadi0@adventure-works.com|935-555-0116|Fadi Fakhouri|935-555-0116|Production|Current
95|53|769680433||11|Ryan|Cornelsen|L|Production Technician - WC40|adventure-works\ryan0|ryan0@adventure-works.com|208-555-0114|Ryan Cornelsen|208-555-0114|Production|Current
96|142|60517918||11|Candy|Spoon|L|Accounts Receivable Specialist|adventure-works\candy0|candy0@adventure-works.com|920-555-0177|Candy Spoon|920-555-0177|Finance|Current
97|76|431859843||11|Nuan|Yu||Production Technician - WC50|adventure-works\nuan0|nuan0@adventure-works.com|913-555-0184|Nuan Yu|913-555-0184|Production|Current
98|46|621209647||11|William|Vong|S|Scheduling Assistant|adventure-works\william0|william0@adventure-works.com|148-555-0145|William Vong|148-555-0145|Production Control|
99|46|621209647||11|William|Vong|S|Scheduling Assistant|adventure-works\william0|william0@adventure-works.com|148-555-0145|William Vong|148-555-0145|Production Control|Current
100|177|420023788||11|Bjorn|Rettig|M|Production Technician - WC30|adventure-works\bjorn0|bjorn0@adventure-works.com|199-555-0117|Bjorn Rettig|199-555-0117|Production|Current
101|201|199546871||11|Scott|Gode|R|Production Technician - WC45|adventure-works\scott0|scott0@adventure-works.com|391-555-0138|Scott Gode|391-555-0138|Production|Current
102|89|830150469||11|Michael|Rothkugel|L|Production Technician - WC40|adventure-works\michael1|michael1@adventure-works.com|454-555-0119|Michael Rothkugel|454-555-0119|Production|Current
103|147|322160340||11|Lane|Sacksteder|M|Production Technician - WC20|adventure-works\lane0|lane0@adventure-works.com|200-555-0117|Lane Sacksteder|200-555-0117|Production|Current
104|16|827686041||11|Pete|Male|C|Production Technician - WC50|adventure-works\pete0|pete0@adventure-works.com|768-555-0123|Pete Male|768-555-0123|Production|Current
105|44|671089628||11|Dan|Bacon|K|Application Specialist|adventure-works\dan0|dan0@adventure-works.com|166-555-0159|Dan Bacon|166-555-0159|Information Services|Current
106|143|231203233||11|David|Barber|M|Assistant to the Chief Financial Officer|adventure-works\david5|david5@adventure-works.com|477-555-0132|David Barber|477-555-0132|Finance|Current
107|76|204035155||11|Lolan|Song|B|Production Technician - WC50|adventure-works\lolan0|lolan0@adventure-works.com|582-555-0178|Lolan Song|582-555-0178|Production|Current
108|214|992874797||11|Paula|Nartker|R|Production Technician - WC40|adventure-works\paula1|paula1@adventure-works.com|476-555-0119|Paula Nartker|476-555-0119|Production|Current
109|7|767955365||11|Mary|Gibson|E|Marketing Specialist|adventure-works\mary0|mary0@adventure-works.com|531-555-0183|Mary Gibson|531-555-0183|Marketing|Current
110|40|342607223||11|Mindaugas|Krapauskas|J|Production Technician - WC50|adventure-works\mindaugas0|mindaugas0@adventure-works.com|637-555-0120|Mindaugas Krapauskas|637-555-0120|Production|Current
111|23|45615666||11|Eric|Gubbels||Production Supervisor - WC20|adventure-works\eric0|eric0@adventure-works.com|260-555-0119|Eric Gubbels|260-555-0119|Production|Current
112||295847284||11|Ken|Sánchez|J|Chief Executive Officer|adventure-works\ken0|ken0@adventure-works.com|697-555-0142|Ken Sánchez|697-555-0142|Executive|Current
113|138|733022683||11|Jason|Watters|M|Production Technician - WC30|adventure-works\jason0|jason0@adventure-works.com|571-555-0179|Jason Watters|571-555-0179|Production|Current
114|43|381772114||11|Mark|Harrington|L|Quality Assurance Technician|adventure-works\mark0|mark0@adventure-works.com|147-555-0179|Mark Harrington|147-555-0179|Quality Assurance|Current
115|163|187369436||11|Janeth|Esteves|M|Production Technician - WC45|adventure-works\janeth0|janeth0@adventure-works.com|540-555-0191|Janeth Esteves|540-555-0191|Production|Current
116|188|364818297||11|Marc|Ingle|J|Production Technician - WC30|adventure-works\marc0|marc0@adventure-works.com|234-555-0169|Marc Ingle|234-555-0169|Production|Current
117|162|658797903||11|Gigi|Matthew|N|Research and Development Engineer|adventure-works\gigi0|gigi0@adventure-works.com|185-555-0186|Gigi Matthew|185-555-0186|Research and Development|Current
118|111|886023130||11|Paul|Singh|R|Production Technician - WC20|adventure-works\paul1|paul1@adventure-works.com|727-555-0112|Paul Singh|727-555-0112|Production|Current
119|214|749211824||11|Frank|Lee|T|Production Technician - WC40|adventure-works\frank0|frank0@adventure-works.com|158-555-0191|Frank Lee|158-555-0191|Production|Current
120|44|643805155||11|François|Ajenstat|P|Database Administrator|adventure-works\françois0|françois0@adventure-works.com|785-555-0110|François Ajenstat|785-555-0110|Information Services|Current
121|16|92096924||11|Diane|Tibbott|H|Production Technician - WC50|adventure-works\diane2|diane2@adventure-works.com|361-555-0180|Diane Tibbott|361-555-0180|Production|Current
122|7|72636981||11|Jill|Williams|A|Marketing Specialist|adventure-works\jill0|jill0@adventure-works.com|510-555-0121|Jill Williams|510-555-0121|Marketing|Current
123|40|563680513||11|Angela|Barbariol|W|Production Technician - WC50|adventure-works\angela0|angela0@adventure-works.com|150-555-0194|Angela Barbariol|150-555-0194|Production|Current
124|87|584205124||11|Matthias|Berndt|T|Shipping and Receiving Clerk|adventure-works\matthias0|matthias0@adventure-works.com|139-555-0120|Matthias Berndt|139-555-0120|Shipping and Receiving|Current
125|9|458159238||11|Bryan|Baker||Production Technician - WC60|adventure-works\bryan0|bryan0@adventure-works.com|712-555-0113|Bryan Baker|712-555-0113|Production|Current
126|23|712885347||11|Jeff|Hay|V|Production Supervisor - WC45|adventure-works\jeff0|jeff0@adventure-works.com|350-555-0167|Jeff Hay|350-555-0167|Production|Current
127|188|87268837||11|Eugene|Zabokritski|R|Production Technician - WC30|adventure-works\eugene0|eugene0@adventure-works.com|241-555-0191|Eugene Zabokritski|241-555-0191|Production|Current
128|186|969985265||11|Barbara|Decker|S|Production Technician - WC20|adventure-works\barbara0|barbara0@adventure-works.com|119-555-0192|Barbara Decker|119-555-0192|Production|Current
129|126|539490372||11|Chris|Preston|T|Production Technician - WC45|adventure-works\chris0|chris0@adventure-works.com|200-555-0112|Chris Preston|200-555-0112|Production|Current
130|92|242381745||11|Sean|Chai|N|Document Control Assistant|adventure-works\sean1|sean1@adventure-works.com|205-555-0132|Sean Chai|205-555-0132|Document Control|Current
131|44|929666391||11|Dan|Wilson|B|Database Administrator|adventure-works\dan1|dan1@adventure-works.com|653-555-0144|Dan Wilson|653-555-0144|Information Services|Current
132|18|948320468||11|Mark|McArthur|K|Production Technician - WC60|adventure-works\mark1|mark1@adventure-works.com|417-555-0154|Mark McArthur|417-555-0154|Production|Current
133|142|931190412||11|Bryan|Walton|A|Accounts Receivable Specialist|adventure-works\bryan1|bryan1@adventure-works.com|935-555-0199|Bryan Walton|935-555-0199|Finance|Current
134|76|153288994||11|Houman|Pournasseh|N|Production Technician - WC50|adventure-works\houman0|houman0@adventure-works.com|180-555-0136|Houman Pournasseh|180-555-0136|Production|Current
135|46|981495526||11|Sairaj|Uddin|L|Scheduling Assistant|adventure-works\sairaj0|sairaj0@adventure-works.com|500-555-0159|Sairaj Uddin|500-555-0159|Production Control|Current
136|177|363996959||11|Michiko|Osada|F|Production Technician - WC30|adventure-works\michiko0|michiko0@adventure-works.com|984-555-0148|Michiko Osada|984-555-0148|Production|Current
137|188|585408256||11|Benjamin|Martin|R|Production Technician - WC30|adventure-works\benjamin0|benjamin0@adventure-works.com|533-555-0111|Benjamin Martin|533-555-0111|Production|Current
138|23|386315192||11|Cynthia|Randall|S|Production Supervisor - WC30|adventure-works\cynthia0|cynthia0@adventure-works.com|352-555-0138|Cynthia Randall|352-555-0138|Production|Current
139|201|167554340||11|Kathie|Flood|E|Production Technician - WC45|adventure-works\kathie0|kathie0@adventure-works.com|446-555-0118|Kathie Flood|446-555-0118|Production|Current
140|18|410742000||11|Britta|Simon|L|Production Technician - WC60|adventure-works\britta0|britta0@adventure-works.com|955-555-0169|Britta Simon|955-555-0169|Production|Current
141|214|746201340||11|Brian|Lloyd|T|Production Technician - WC40|adventure-works\brian0|brian0@adventure-works.com|110-555-0182|Brian Lloyd|110-555-0182|Production|Current
142|143|30845||11|David|Liu|J|Accounts Manager|adventure-works\david6|david6@adventure-works.com|646-555-0185|David Liu|646-555-0185|Finance|Current
143|112|184188301||11|Laura|Norman|F|Chief Financial Officer|adventure-works\laura1|laura1@adventure-works.com|615-555-0110|Laura Norman|615-555-0110|Executive|
144|112|184188301||11|Laura|Norman|F|Chief Financial Officer|adventure-works\laura1|laura1@adventure-works.com|615-555-0110|Laura Norman|615-555-0110|Executive|Current
145|40|398737566||11|Michael|Patten|W|Production Technician - WC50|adventure-works\michael2|michael2@adventure-works.com|441-555-0195|Michael Patten|441-555-0195|Production|Current
146|138|764853868||11|Andy|Ruth|M|Production Technician - WC30|adventure-works\andy0|andy0@adventure-works.com|118-555-0110|Andy Ruth|118-555-0110|Production|Current
147|23|319472946||11|Yuhong|Li|L|Production Supervisor - WC20|adventure-works\yuhong0|yuhong0@adventure-works.com|965-555-0155|Yuhong Li|965-555-0155|Production|Current
148|163|456839592||11|Robert|Rounthwaite|J|Production Technician - WC45|adventure-works\robert0|robert0@adventure-works.com|589-555-0147|Robert Rounthwaite|589-555-0147|Production|Current
149|43|131471224||11|Andreas|Berglund|T|Quality Assurance Technician|adventure-works\andreas0|andreas0@adventure-works.com|181-555-0124|Andreas Berglund|181-555-0124|Quality Assurance|Current
150|188|259388196||11|Reed|Koch|T|Production Technician - WC30|adventure-works\reed0|reed0@adventure-works.com|678-555-0110|Reed Koch|678-555-0110|Production|Current
151|147|812797414||11|Linda|Randall|A|Production Technician - WC20|adventure-works\linda1|linda1@adventure-works.com|696-555-0157|Linda Randall|696-555-0157|Production|Current
152|112|519899904||11|James|Hamilton|R|Vice President of Production|adventure-works\james1|james1@adventure-works.com|870-555-0122|James Hamilton|870-555-0122|Production|Current
153|44|314747499||11|Ramesh|Meyyappan|V|Application Specialist|adventure-works\ramesh0|ramesh0@adventure-works.com|182-555-0134|Ramesh Meyyappan|182-555-0134|Information Services|Current
154|44|858323870||11|Stephanie|Conroy|A|Network Manager|adventure-works\stephanie0|stephanie0@adventure-works.com|594-555-0110|Stephanie Conroy|594-555-0110|Information Services|Current
155|111|25011600||11|Samantha|Smith|H|Production Technician - WC20|adventure-works\samantha0|samantha0@adventure-works.com|587-555-0114|Samantha Smith|587-555-0114|Production|Current
156|214|436757988||11|Tawana|Nusbaum|G|Production Technician - WC40|adventure-works\tawana0|tawana0@adventure-works.com|368-555-0113|Tawana Nusbaum|368-555-0113|Production|Current
157|16|652535724||11|Denise|Smith|H|Production Technician - WC50|adventure-works\denise0|denise0@adventure-works.com|869-555-0119|Denise Smith|869-555-0119|Production|Current
158|32|416679555||11|Hao|Chen|O|Human Resources Administrative Assistant|adventure-works\hao0|hao0@adventure-works.com|806-555-0136|Hao Chen|806-555-0136|Human Resources|Current
159|126|377784364||11|Alex|Nayberg|M|Production Technician - WC45|adventure-works\alex0|alex0@adventure-works.com|819-555-0198|Alex Nayberg|819-555-0198|Production|Current
160|9|66073987||11|Eugene|Kogan|O|Production Technician - WC60|adventure-works\eugene1|eugene1@adventure-works.com|173-555-0179|Eugene Kogan|173-555-0179|Production|Current
161|18|999440576||11|Brandon|Heidepriem|G|Production Technician - WC60|adventure-works\brandon0|brandon0@adventure-works.com|429-555-0137|Brandon Heidepriem|429-555-0137|Production|Current
162|3|134969118||11|Dylan|Miller|A|Research and Development Manager|adventure-works\dylan0|dylan0@adventure-works.com|181-555-0156|Dylan Miller|181-555-0156|Research and Development|Current
163|23|551834634||11|Shane|Kim|S|Production Supervisor - WC45|adventure-works\shane0|shane0@adventure-works.com|810-555-0178|Shane Kim|810-555-0178|Production|Current
164|186|305522471||11|John|Chen|Y|Production Technician - WC20|adventure-works\john2|john2@adventure-works.com|201-555-0163|John Chen|201-555-0163|Production|Current
165|92|260770918||11|Karen|Berge|R|Document Control Assistant|adventure-works\karen0|karen0@adventure-works.com|746-555-0164|Karen Berge|746-555-0164|Document Control|Current
166|18|788456780||11|Jose|Lugo|R|Production Technician - WC60|adventure-works\jose0|jose0@adventure-works.com|587-555-0115|Jose Lugo|587-555-0115|Production|Current
167|76|370581729||11|Mandar|Samant|H|Production Technician - WC50|adventure-works\mandar0|mandar0@adventure-works.com|140-555-0132|Mandar Samant|140-555-0132|Production|Current
168|278|603686790||11|Mikael|Sandberg|Q|Buyer|adventure-works\mikael0|mikael0@adventure-works.com|309-555-0170|Mikael Sandberg|309-555-0170|Purchasing|Current
169|76|152085091||11|Sameer|Tejani|A|Production Technician - WC50|adventure-works\sameer0|sameer0@adventure-works.com|990-555-0172|Sameer Tejani|990-555-0172|Production|Current
170|142|663843431||11|Dragan|Tomic|K|Accounts Payable Specialist|adventure-works\dragan0|dragan0@adventure-works.com|117-555-0185|Dragan Tomic|117-555-0185|Finance|Current
171|177|227319668||11|Carol|Philips|M|Production Technician - WC30|adventure-works\carol0|carol0@adventure-works.com|609-555-0153|Carol Philips|609-555-0153|Production|Current
172|89|578953538||11|Rob|Caron|T|Production Technician - WC40|adventure-works\rob1|rob1@adventure-works.com|238-555-0116|Rob Caron|238-555-0116|Production|Current
173|40|222400012||11|Don|Hall|L|Production Technician - WC50|adventure-works\don0|don0@adventure-works.com|100-555-0174|Don Hall|100-555-0174|Production|Current
174|46|470689086||11|Alan|Brewer|J|Scheduling Assistant|adventure-works\alan0|alan0@adventure-works.com|438-555-0172|Alan Brewer|438-555-0172|Production Control|Current
175|188|860123571||11|David|Lawrence|Oliver|Production Technician - WC30|adventure-works\david7|david7@adventure-works.com|118-555-0177|David Lawrence|118-555-0177|Production|Current
176|89|273260055||11|Baris|Cetinok|F|Production Technician - WC40|adventure-works\baris0|baris0@adventure-works.com|164-555-0114|Baris Cetinok|164-555-0114|Production|Current
177|23|578935259||11|Michael|Ray|Sean|Production Supervisor - WC30|adventure-works\michael3|michael3@adventure-works.com|156-555-0199|Michael Ray|156-555-0199|Production|Current
178|20|752513276||11|Steve|Masters|F|Production Technician - WC60|adventure-works\steve0|steve0@adventure-works.com|712-555-0170|Steve Masters|712-555-0170|Production|Current
179|18|754372876||11|Suchitra|Mohan|O|Production Technician - WC60|adventure-works\suchitra0|suchitra0@adventure-works.com|753-555-0129|Suchitra Mohan|753-555-0129|Production|Current
180|44|58317344||11|Karen|Berg|A|Application Specialist|adventure-works\karen1|karen1@adventure-works.com|654-555-0177|Karen Berg|654-555-0177|Information Services|Current
181|147|404159499||11|Terrence|Earls|W|Production Technician - WC20|adventure-works\terrence0|terrence0@adventure-works.com|110-555-0115|Terrence Earls|110-555-0115|Production|Current
182|142|363910111||11|Barbara|Moreland|C|Accountant|adventure-works\barbara1|barbara1@adventure-works.com|822-555-0145|Barbara Moreland|822-555-0145|Finance|Current
183|40|599942664||11|Chad|Niswonger|W|Production Technician - WC50|adventure-works\chad0|chad0@adventure-works.com|559-555-0175|Chad Niswonger|559-555-0175|Production|Current
184|138|993310268||11|Rostislav|Shabalin|E|Production Technician - WC30|adventure-works\rostislav0|rostislav0@adventure-works.com|751-555-0134|Rostislav Shabalin|751-555-0134|Production|Current
185|201|20244403||11|Belinda|Newman|M|Production Technician - WC45|adventure-works\belinda0|belinda0@adventure-works.com|319-555-0126|Belinda Newman|319-555-0126|Production|Current
186|23|862951447||11|Katie|McAskill-White|L|Production Supervisor - WC20|adventure-works\katie0|katie0@adventure-works.com|809-555-0133|Katie McAskill-White|809-555-0133|Production|Current
187|188|551346974||11|Russell|King|M|Production Technician - WC30|adventure-works\russell1|russell1@adventure-works.com|517-555-0122|Russell King|517-555-0122|Production|Current
188|23|60114406||11|Jack|Richins|S|Production Supervisor - WC30|adventure-works\jack0|jack0@adventure-works.com|552-555-0111|Jack Richins|552-555-0111|Production|Current
189|23|33237992||11|Andrew|Hill|R|Production Supervisor - WC10|adventure-works\andrew0|andrew0@adventure-works.com|908-555-0159|Andrew Hill|908-555-0159|Production|Current
190|89|1300049||11|Nicole|Holliday|B|Production Technician - WC40|adventure-works\nicole0|nicole0@adventure-works.com|508-555-0129|Nicole Holliday|508-555-0129|Production|Current
191|16|10708100||11|Frank|Miller|T|Production Technician - WC50|adventure-works\frank1|frank1@adventure-works.com|167-555-0139|Frank Miller|167-555-0139|Production|Current
192|154|672243793||11|Peter|Connelly|I|Network Administrator|adventure-works\peter1|peter1@adventure-works.com|310-555-0133|Peter Connelly|310-555-0133|Information Services|Current
193|111|63761469||11|Anibal|Sousa|T|Production Technician - WC20|adventure-works\anibal0|anibal0@adventure-works.com|106-555-0120|Anibal Sousa|106-555-0120|Production|Current
194|214|693168613||11|Ken|Myer|L|Production Technician - WC40|adventure-works\ken1|ken1@adventure-works.com|949-555-0174|Ken Myer|949-555-0174|Production|Current
195|32|476980013||11|Grant|Culbertson|N|Human Resources Administrative Assistant|adventure-works\grant0|grant0@adventure-works.com|955-555-0131|Grant Culbertson|955-555-0131|Human Resources|Current
196|40|334834274||11|Michael|Entin|T|Production Technician - WC50|adventure-works\michael4|michael4@adventure-works.com|817-555-0186|Michael Entin|817-555-0186|Production|Current
197|163|399658727||11|Lionel|Penuchot|C|Production Technician - WC45|adventure-works\lionel0|lionel0@adventure-works.com|450-555-0152|Lionel Penuchot|450-555-0152|Production|Current
198|9|500412746||11|Thomas|Michaels|R|Production Technician - WC60|adventure-works\thomas0|thomas0@adventure-works.com|278-555-0118|Thomas Michaels|278-555-0118|Production|Current
199|87|652779496||11|Jimmy|Bischoff|T|Stocker|adventure-works\jimmy0|jimmy0@adventure-works.com|927-555-0168|Jimmy Bischoff|927-555-0168|Shipping and Receiving|Current
200|138|878395493||11|Michael|Vanderhyde|T|Production Technician - WC30|adventure-works\michael5|michael5@adventure-works.com|296-555-0121|Michael Vanderhyde|296-555-0121|Production|Current
201|23|332349500||11|Lori|Kane|A|Production Supervisor - WC45|adventure-works\lori0|lori0@adventure-works.com|289-555-0196|Lori Kane|289-555-0196|Production|Current
202|278|792847334||11|Arvind|Rao|B|Buyer|adventure-works\arvind0|arvind0@adventure-works.com|848-555-0163|Arvind Rao|848-555-0163|Purchasing|Current
203|186|621932914||11|Stefen|Hesse|A|Production Technician - WC20|adventure-works\stefen0|stefen0@adventure-works.com|165-555-0113|Stefen Hesse|165-555-0113|Production|Current
204|23|398223854||11|Hazem|Abolrous|E|Quality Assurance Manager|adventure-works\hazem0|hazem0@adventure-works.com|869-555-0125|Hazem Abolrous|869-555-0125|Quality Assurance|Current
205|142|519756660||11|Janet|Sheperdigian|L|Accounts Payable Specialist|adventure-works\janet0|janet0@adventure-works.com|393-555-0186|Janet Sheperdigian|393-555-0186|Finance|Current
206|76|912141525||11|Elizabeth|Keyser|I|Production Technician - WC50|adventure-works\elizabeth0|elizabeth0@adventure-works.com|318-555-0137|Elizabeth Keyser|318-555-0137|Production|Current
207|7|243322160||11|Terry|Eminhizer|J|Marketing Specialist|adventure-works\terry0|terry0@adventure-works.com|138-555-0118|Terry Eminhizer|138-555-0118|Marketing|Current
208|188|568626529||11|John|Frum|N|Production Technician - WC30|adventure-works\john3|john3@adventure-works.com|663-555-0172|John Frum|663-555-0172|Production|Current
209|177|301435199||11|Merav|Netz|A|Production Technician - WC30|adventure-works\merav0|merav0@adventure-works.com|224-555-0187|Merav Netz|224-555-0187|Production|Current
210|46|368691270||11|Brian|LaMee|P|Scheduling Assistant|adventure-works\brian1|brian1@adventure-works.com|313-555-0196|Brian LaMee|313-555-0196|Production Control|Current
211|40|211789056||11|Kitti|Lertpiriyasuwat|H|Production Technician - WC50|adventure-works\kitti0|kitti0@adventure-works.com|785-555-0132|Kitti Lertpiriyasuwat|785-555-0132|Production|Current
212|20|63179277||11|Jay|Adams|G|Production Technician - WC60|adventure-works\jay0|jay0@adventure-works.com|407-555-0165|Jay Adams|407-555-0165|Production|Current
213|188|587567941||11|Jan|Miksovsky|S|Production Technician - WC30|adventure-works\jan0|jan0@adventure-works.com|139-555-0131|Jan Miksovsky|139-555-0131|Production|Current
214|23|634335025||11|Brenda|Diaz|M|Production Supervisor - WC40|adventure-works\brenda0|brenda0@adventure-works.com|142-555-0139|Brenda Diaz|142-555-0139|Production|Current
215|126|65848458||11|Andrew|Cencini|M|Production Technician - WC45|adventure-works\andrew1|andrew1@adventure-works.com|207-555-0192|Andrew Cencini|207-555-0192|Production|Current
216|92|260805477||11|Chris|Norred|K|Control Specialist|adventure-works\chris1|chris1@adventure-works.com|575-555-0126|Chris Norred|575-555-0126|Document Control|Current
217|18|442121106||11|Chris|Okelberry|O|Production Technician - WC60|adventure-works\chris2|chris2@adventure-works.com|315-555-0144|Chris Okelberry|315-555-0144|Production|Current
218|147|300946911||11|Shelley|Dyck|N|Production Technician - WC20|adventure-works\shelley0|shelley0@adventure-works.com|991-555-0184|Shelley Dyck|991-555-0184|Production|Current
219|214|440379437||11|Gabe|Mares|B|Production Technician - WC40|adventure-works\gabe0|gabe0@adventure-works.com|310-555-0117|Gabe Mares|310-555-0117|Production|Current
220|142|480951955||11|Mike|Seamans|K|Accountant|adventure-works\mike0|mike0@adventure-works.com|927-555-0150|Mike Seamans|927-555-0150|Finance|Current
221|162|879342154||11|Michael|Raheem||Research and Development Manager|adventure-works\michael6|michael6@adventure-works.com|330-555-2568|Michael Raheem|330-555-2568|Research and Development|Current
222|152|141165819||11|Gary|Altman|E.|Facilities Manager|adventure-works\gary1|gary1@adventure-works.com|110-555-0112|Gary Altman|110-555-0112|Facilities and Maintenance|Current
223|20|537092325||11|Charles|Fitzgerald|B|Production Technician - WC60|adventure-works\charles0|charles0@adventure-works.com|931-555-0118|Charles Fitzgerald|931-555-0118|Production|Current
224|27|455563743||11|Ebru|Ersan|N|Production Technician - WC10|adventure-works\ebru0|ebru0@adventure-works.com|202-555-0187|Ebru Ersan|202-555-0187|Production|Current
225|111|701156975||11|Sylvester|Valdez|A|Production Technician - WC20|adventure-works\sylvester0|sylvester0@adventure-works.com|492-555-0174|Sylvester Valdez|492-555-0174|Production|Current
226|53|1662732||11|Brian|Goldstein|Richard|Production Technician - WC40|adventure-works\brian2|brian2@adventure-works.com|730-555-0117|Brian Goldstein|730-555-0117|Production|Current
227|278|407505660||11|Linda|Meisner|P|Buyer|adventure-works\linda2|linda2@adventure-works.com|916-555-0165|Linda Meisner|916-555-0165|Purchasing|Current
228|66|294148271||11|Betsy|Stadick|A|Production Technician - WC10|adventure-works\betsy0|betsy0@adventure-works.com|405-555-0171|Betsy Stadick|405-555-0171|Production|Current
229|222|552560652||11|Magnus|Hedlund|E|Facilities Administrative Assistant|adventure-works\magnus0|magnus0@adventure-works.com|583-555-0182|Magnus Hedlund|583-555-0182|Facilities and Maintenance|Current
230|20|834186596||11|Karan|Khanna|R|Production Technician - WC60|adventure-works\karan0|karan0@adventure-works.com|447-555-0186|Karan Khanna|447-555-0186|Production|Current
231|27|717889520||11|Mary|Baker|R|Production Technician - WC10|adventure-works\mary1|mary1@adventure-works.com|283-555-0185|Mary Baker|283-555-0185|Production|Current
232|27|801365500||11|Kevin|Homer|M|Production Technician - WC10|adventure-works\kevin2|kevin2@adventure-works.com|555-555-0113|Kevin Homer|555-555-0113|Production|Current
233|53|413787783||11|Mihail|Frintu|U|Production Technician - WC40|adventure-works\mihail0|mihail0@adventure-works.com|733-555-0128|Mihail Frintu|733-555-0128|Production|Current
234|189|109272464||11|Bonnie|Kearney|N|Production Technician - WC10|adventure-works\bonnie0|bonnie0@adventure-works.com|264-555-0150|Bonnie Kearney|264-555-0150|Production|Current
235|278|482810518||11|Fukiko|Ogisu|J|Buyer|adventure-works\fukiko0|fukiko0@adventure-works.com|520-555-0177|Fukiko Ogisu|520-555-0177|Purchasing|Current
236|111|113393530||11|Hung-Fu|Ting|T|Production Technician - WC20|adventure-works\hung-fu0|hung-fu0@adventure-works.com|497-555-0181|Hung-Fu Ting|497-555-0181|Production|Current
237|278|466142721||11|Gordon|Hee|L|Buyer|adventure-works\gordon0|gordon0@adventure-works.com|230-555-0144|Gordon Hee|230-555-0144|Purchasing|Current
238|66|390124815||11|Kimberly|Zimmerman|B|Production Technician - WC10|adventure-works\kimberly0|kimberly0@adventure-works.com|123-555-0167|Kimberly Zimmerman|123-555-0167|Production|Current
239|18|6298838||11|Kim|Abercrombie|B|Production Technician - WC60|adventure-works\kim1|kim1@adventure-works.com|208-555-0114|Kim Abercrombie|208-555-0114|Production|Current
240|53|943170460||11|Sandeep|Kaliyath|P|Production Technician - WC40|adventure-works\sandeep0|sandeep0@adventure-works.com|166-555-0156|Sandeep Kaliyath|166-555-0156|Production|Current
241|111|339233463||11|Prasanna|Samarawickrama|E|Production Technician - WC20|adventure-works\prasanna0|prasanna0@adventure-works.com|129-555-0199|Prasanna Samarawickrama|129-555-0199|Production|Current
242|278|367453993||11|Frank|Pellow|S|Buyer|adventure-works\frank2|frank2@adventure-works.com|163-555-0147|Frank Pellow|163-555-0147|Purchasing|Current
243|111|872923042||11|Min|Su|G|Production Technician - WC20|adventure-works\min0|min0@adventure-works.com|590-555-0152|Min Su|590-555-0152|Production|Current
244|53|697712387||11|Eric|Brown|L|Production Technician - WC40|adventure-works\eric1|eric1@adventure-works.com|680-555-0118|Eric Brown|680-555-0118|Production|Current
245|278|381073001||11|Eric|Kurjan|S|Buyer|adventure-works\eric2|eric2@adventure-works.com|265-555-0195|Eric Kurjan|265-555-0195|Purchasing|Current
246|51|646304055||11|Pat|Coleman|H|Janitor|adventure-works\pat0|pat0@adventure-works.com|720-555-0158|Pat Coleman|720-555-0158|Facilities and Maintenance|Current
247|20|414476027||11|Maciej|Dusza|W|Production Technician - WC60|adventure-works\maciej0|maciej0@adventure-works.com|237-555-0128|Maciej Dusza|237-555-0128|Production|Current
248|278|785853949||11|Erin|Hagens|M|Buyer|adventure-works\erin0|erin0@adventure-works.com|842-555-0158|Erin Hagens|842-555-0158|Purchasing|Current
249|66|90888098||11|Patrick|Wedge|C|Production Technician - WC10|adventure-works\patrick0|patrick0@adventure-works.com|413-555-0124|Patrick Wedge|413-555-0124|Production|Current
250|53|947029962||11|Frank|Martinez|R|Production Technician - WC40|adventure-works\frank3|frank3@adventure-works.com|203-555-0196|Frank Martinez|203-555-0196|Production|Current
251|18|461786517||11|Ed|Dudenhoefer|R|Production Technician - WC60|adventure-works\ed0|ed0@adventure-works.com|919-555-0140|Ed Dudenhoefer|919-555-0140|Production|Current
252|27|393421437||11|Christopher|Hill|E|Production Technician - WC10|adventure-works\christopher0|christopher0@adventure-works.com|153-555-0166|Christopher Hill|153-555-0166|Production|Current
253|53|988315686||11|Patrick|Cook|M|Production Technician - WC40|adventure-works\patrick1|patrick1@adventure-works.com|425-555-0117|Patrick Cook|425-555-0117|Production|Current
254|111|56772045||11|Krishna|Sunkammurali||Production Technician - WC20|adventure-works\krishna0|krishna0@adventure-works.com|491-555-0183|Krishna Sunkammurali|491-555-0183|Production|Current
255|51|879334904||11|Lori|Penor|K|Janitor|adventure-works\lori1|lori1@adventure-works.com|295-555-0161|Lori Penor|295-555-0161|Facilities and Maintenance|Current
256|66|82638150||11|Danielle|Tiedt|C|Production Technician - WC10|adventure-works\danielle0|danielle0@adventure-works.com|500-555-0172|Danielle Tiedt|500-555-0172|Production|Current
257|43|343861179||11|Sootha|Charncherngkha|T|Quality Assurance Technician|adventure-works\sootha0|sootha0@adventure-works.com|325-555-0137|Sootha Charncherngkha|325-555-0137|Quality Assurance|Current
258|20|582347317||11|Michael|Zwilling|J|Production Technician - WC60|adventure-works\michael7|michael7@adventure-works.com|582-555-0148|Michael Zwilling|582-555-0148|Production|Current
259|20|8066363||11|Randy|Reeves|T|Production Technician - WC60|adventure-works\randy0|randy0@adventure-works.com|961-555-0122|Randy Reeves|961-555-0122|Production|Current
260|27|561196580||11|John|Kane|T|Production Technician - WC10|adventure-works\john4|john4@adventure-works.com|254-555-0114|John Kane|254-555-0114|Production|Current
261|53|58791499||11|Jack|Creasey|T|Production Technician - WC40|adventure-works\jack1|jack1@adventure-works.com|521-555-0113|Jack Creasey|521-555-0113|Production|Current
262|111|163347032||11|Olinda|Turner|C|Production Technician - WC20|adventure-works\olinda0|olinda0@adventure-works.com|306-555-0186|Olinda Turner|306-555-0186|Production|Current
263|51|28414965||11|Stuart|Macrae|J|Janitor|adventure-works\stuart1|stuart1@adventure-works.com|539-555-0149|Stuart Macrae|539-555-0149|Facilities and Maintenance|Current
264|51|153479919||11|Jo|Berry|L|Janitor|adventure-works\jo1|jo1@adventure-works.com|228-555-0159|Jo Berry|228-555-0159|Facilities and Maintenance|Current
265|278|20269531||11|Ben|Miller|T|Buyer|adventure-works\ben0|ben0@adventure-works.com|151-555-0113|Ben Miller|151-555-0113|Purchasing|Current
266|66|826454897||11|Tom|Vande Velde|M|Production Technician - WC10|adventure-works\tom0|tom0@adventure-works.com|295-555-0161|Tom Vande Velde|295-555-0161|Production|Current
267|3|974026903||11|Ovidiu|Cracium|V|Senior Tool Designer|adventure-works\ovidiu0|ovidiu0@adventure-works.com|719-555-0181|Ovidiu Cracium|719-555-0181|Tool Design|Current
268|278|437296311||11|Annette|Hill|L|Purchasing Assistant|adventure-works\annette0|annette0@adventure-works.com|125-555-0196|Annette Hill|125-555-0196|Purchasing|Current
269|267|486228782||11|Janice|Galvin|M|Tool Designer|adventure-works\janice0|janice0@adventure-works.com|473-555-0117|Janice Galvin|473-555-0117|Tool Design|Current
270|278|280633567||11|Reinout|Hillmann|N|Purchasing Assistant|adventure-works\reinout0|reinout0@adventure-works.com|370-555-0163|Reinout Hillmann|370-555-0163|Purchasing|Current
271|3|42487730||11|Michael|Sullivan|I|Senior Design Engineer|adventure-works\michael8|michael8@adventure-works.com|465-555-0156|Michael Sullivan|465-555-0156|Engineering|Current
272|277|502097814||11|Stephen|Jiang|Y|North American Sales Manager|adventure-works\stephen0|stephen0@adventure-works.com|238-555-0197|Stephen Jiang|238-555-0197|Sales|Current
273|7|323403273||11|Wanida|Benshoof|M|Marketing Assistant|adventure-works\wanida0|wanida0@adventure-works.com|708-555-0141|Wanida Benshoof|708-555-0141|Marketing|Current
274|3|56920285||11|Sharon|Salavaria|B|Design Engineer|adventure-works\sharon0|sharon0@adventure-works.com|970-555-0138|Sharon Salavaria|970-555-0138|Engineering|Current
275|7|222969461||11|John|Wood|L|Marketing Specialist|adventure-works\john5|john5@adventure-works.com|486-555-0150|John Wood|486-555-0150|Marketing|Current
276|7|52541318||11|Mary|Dempsey|A|Marketing Assistant|adventure-works\mary2|mary2@adventure-works.com|124-555-0114|Mary Dempsey|124-555-0114|Marketing|Current
277|112|112432117||11|Brian|Welcker|S|Vice President of Sales|adventure-works\brian3|brian3@adventure-works.com|716-555-0127|Brian Welcker|716-555-0127|Sales|Current
278|73|895209680||11|Sheela|Word|H|Purchasing Manager|adventure-works\sheela0|sheela0@adventure-works.com|210-555-0193|Sheela Word|210-555-0193|Purchasing|
279|73|895209680||11|Sheela|Word|H|Purchasing Manager|adventure-works\sheela0|sheela0@adventure-works.com|210-555-0193|Sheela Word|210-555-0193|Purchasing|
280|73|895209680||11|Sheela|Word|H|Purchasing Manager|adventure-works\sheela0|sheela0@adventure-works.com|210-555-0193|Sheela Word|210-555-0193|Purchasing|Current
281|272|841560125||2|Michael|Blythe|G|Sales Representative|adventure-works\michael9|michael9@adventure-works.com|257-555-0154|Michael Blythe|257-555-0154|Sales|Current
282|272|191644724||4|Linda|Mitchell|C|Sales Representative|adventure-works\linda3|linda3@adventure-works.com|883-555-0116|Linda Mitchell|883-555-0116|Sales|Current
283|272|615389812||3|Jillian|Carson||Sales Representative|adventure-works\jillian0|jillian0@adventure-works.com|517-555-0117|Jillian Carson|517-555-0117|Sales|Current
284|272|234474252||6|Garrett|Vargas|R|Sales Representative|adventure-works\garrett1|garrett1@adventure-works.com|922-555-0165|Garrett Vargas|922-555-0165|Sales|Current
285|272|716374314||5|Tsvi|Reiter|Michael|Sales Representative|adventure-works\tsvi0|tsvi0@adventure-works.com|664-555-0112|Tsvi Reiter|664-555-0112|Sales|Current
286|272|61161660||1|Pamela|Ansman-Wolfe|O|Sales Representative|adventure-works\pamela0|pamela0@adventure-works.com|340-555-0193|Pamela Ansman-Wolfe|340-555-0193|Sales|Current
287|272|139397894||4|Shu|Ito|K|Sales Representative|adventure-works\shu0|shu0@adventure-works.com|330-555-0120|Shu Ito|330-555-0120|Sales|Current
288|272|399771412||6|José|Saraiva|Edvaldo|Sales Representative|adventure-works\josé1|josé1@adventure-works.com|185-555-0169|José Saraiva|185-555-0169|Sales|Current
289|272|987554265||1|David|Campbell|R|Sales Representative|adventure-works\david8|david8@adventure-works.com|740-555-0182|David Campbell|740-555-0182|Sales|Current
290|277|982310417||11|Amy|Alberts|E|European Sales Manager|adventure-works\amy0|amy0@adventure-works.com|775-555-0164|Amy Alberts|775-555-0164|Sales|Current
291|290|668991357||10|Jae|Pak|B|Sales Representative|adventure-works\jae0|jae0@adventure-works.com|1 (11) 500 555-0145|Jae Pak|1 (11) 500 555-0145|Sales|Current
292|290|134219713||7|Ranjit|Varkey Chudukatil|R|Sales Representative|adventure-works\ranjit0|ranjit0@adventure-works.com|1 (11) 500 555-0117|Ranjit Varkey Chudukatil|1 (11) 500 555-0117|Sales|Current
293|272|90836195||1|Tete|Mensa-Annan|A|Sales Representative|adventure-works\tete0|tete0@adventure-works.com|615-555-0153|Tete Mensa-Annan|615-555-0153|Sales|Current
294|277|481044938||11|Syed|Abbas|E|Pacific Sales Manager|adventure-works\syed0|syed0@adventure-works.com|926-555-0182|Syed Abbas|926-555-0182|Sales|Current
295|290|954276278||8|Rachel|Valdez|B|Sales Representative|adventure-works\rachel0|rachel0@adventure-works.com|1 (11) 500 555-0140|Rachel Valdez|1 (11) 500 555-0140|Sales|Current
296|294|758596752||9|Lynn|Tsoflias|N|Sales Representative|adventure-works\lynn0|lynn0@adventure-works.com|1 (11) 500 555-0190|Lynn Tsoflias|1 (11) 500 555-0190|Sales|Current
